{"6880 FRONTIER DRIVE, SPRINGFIELD, VA  22150": [38.788017, -77.1716], "3600 FAIRFAX DRIVE, ARLINGTON, VA 22201": [38.8829435, -77.1033092], "10300 ROCKVILLE PIKE, ROCKVILLE, MD 20852": [39.02590105, -77.1042571234207], "1351 19TH ST NW, WASHINGTON, DC 20036": [38.90849363502093, -77.04332808684022], "4230 FAIRFAX DRIVE, ARLINGTON, VA 22201": [38.8820057, -77.1115141], "3100 WILSON BOULEVARD, ARLINGTON, VA 22201": [38.887075, -77.0952496], "4500 BENNING ROAD NE, WASHINGTON, DC 20019": [38.8904471, -76.9375326], "2100 WILSON BOULEVARD, ARLINGTON, VA 22201": [38.8907825, -77.0856426], "2700 GALLOWS ROAD, VIENNA, VA 22180": [38.8833529, -77.22812], "9550 SAINTSBURY DRIVE, FAIRFAX, VA 22031": [38.8776013, -77.2722884], "801 MICHIGAN AVENUE NE, WASHINGTON, DC 20017": [38.933211, -76.9945344], "133 CENTRAL AVENUE, CAPITOL HEIGHTS, MD 20743": [38.8892677, -76.9131648], "100 ADDISON ROAD S, CAPITOL HEIGHTS, MD 20743": [38.8867225, -76.8944056], "550 GALLOWAY STREET NE, WASHINGTON, DC 20011": [38.9517337, -77.0026753], "1101 HOWARD ROAD SE, WASHINGTON, DC 20020": [38.8621924, -76.9953319], "1290 ALABAMA AVENUE SE, WASHINGTON, DC 20020": [38.8451339, -76.988078], "3101 BRANCH AVENUE, TEMPLE HILLS, MD 20748": [38.851128, -76.9566758], "7040 HAYCOCK ROAD, FALLS CHURCH, VA 22043": [38.9007928, -77.1889651], "5501 COLUMBIA PARK ROAD, CHEVERLY, MD 20785": [38.91648025, -76.91689685194166], "4000 MINNESOTA AVENUE NE, WASHINGTON, DC 20019": [38.89528, -76.94918], "2400 EISENHOWER AVENUE, ALEXANDRIA, VA 22314": [38.801464, -77.073252], "1900 KING STREET, ALEXANDRIA, VA 22301": [38.8065306, -77.0610459], "3030 14TH STREET NW, WASHINGTON, DC 20009": [38.92860025, -77.03303350148352], "4931 CALVERT ROAD, COLLEGE PARK, MD 20740": [38.9784587, -76.9282678], "300 GARRETT MORGAN BOULEVARD, LANDOVER, MD 20785": [38.893744, -76.8683427], "4720 MINNESOTA AVENUE NE, WASHINGTON, DC 20019": [38.90765503615892, -76.93441532086011], "401 3RD STREET SW, WASHINGTON, DC 20024": [38.8851184, -77.0150823], "9730 GEORGIA AVENUE, FOREST GLEN, MD 20910": [39.0152846, -77.0431475], "12501 GEORGIA AVENUE, SILVER SPRING, MD 20906": [39.0617838, -77.0535574], "1155 NEW JERSEY AVENUE SE, WASHINGTON, DC 20003": [38.876943775510206, -77.00445763265306], "1801 7TH ST NW, WASHINGTON, DC 20001": [38.914212, -77.021808], "1240 U STREET NW, WASHINGTON, DC 20009": [38.9169902, -77.0260055], "5690 EISENHOWER AVENUE, ALEXANDRIA, VA 22304": [38.7993077, -77.1291115], "399 M STREET SW, WASHINGTON, DC 20024": [38.8764426, -77.0175081], "3700 GEORGIA AVENUE NW, WASHINGTON, DC 20010": [38.9369372, -77.0241656], "1943 CHAIN BRIDGE ROAD, MCLEAN, VA 22102": [38.9206007, -77.2223184], "201 M STREET NE, WASHINGTON, DC  20002": [38.9053987, -77.0028936], "12502 GEORGIA AVENUE, SILVER SPRING, MD 20906": [39.0131192, -77.0417617], "450 F STREET NW, WASHINGTON, DC 20001": [38.89724677984067, -77.01757528915732], "725 PENNSYLVANIA AVENUE SE, WASHINGTON, DC 20003": [38.8770813, -76.9785463], "1923 CHAIN BRIDGE ROAD, MCLEAN, VA 22102": [38.9407391, -77.1747157], "1864 WIEHLE AVENUE, RESTON, VA 20191": [38.948497936556635, -77.33691119424162], "665 11TH STREET NW, WASHINGTON, DC 20005": [38.897943635766204, -77.02692573266111], "607 13TH STREET NW, WASHINGTON, DC 20005": [38.897507510270515, -77.02951090042446], "701 12TH STREET NW, WASHINGTON, DC 20005": [38.898439, -77.02797], "700 M STREET NW, WASHINGTON, DC 20001": [38.9055282, -77.0219332], "102 19TH STREET SE, WASHINGTON, DC 20003": [38.8883199, -76.97708465722857], "290 19TH STREET SE, WASHINGTON, DC 20003": [38.885555482142856, -76.97715560714285], "3101 14TH STREET NW, WASHINGTON, DC 20009": [38.9290373, -77.0324285], "4701 POLK STREET NE, WASHINGTON, DC 20019": [38.9096277, -76.9398481], "8400 COLESVILLE ROAD, SILVER SPRING, MD 20910": [38.993617, -77.032148], "1705 K STREET NW, WASHINGTON, DC 20036": [38.902605, -77.03884214285713], "4501 WISCONSIN AVENUE NW, WASHINGTON, DC 20016": [38.9480661, -77.0793047], "1525 20TH ST NW, WASHINGTON, DC 20036": [38.9097455, -77.0435618], "2700 CONNECTICUT AVENUE NW, WASHINGTON, DC 20008": [38.9259503, -77.05337396671666], "4200 CONNECTICUT AVENUE NW, WASHINGTON, DC 20008": [38.94359645, -77.06369537202002], "15903 SOMERVILLE DRIVE, ROCKVILLE, MD 20855": [39.1199123, -77.1646588], "1400 I STREET NW, WASHINGTON, DC 20005": [38.9011582, -77.0322458], "900 18TH STREET NW, WASHINGTON, DC 20006": [38.9013497, -77.0404456], "2301 I STREET NW, WASHINGTON, DC 20037": [38.9008731, -77.05035], "1858 WIEHLE AVENUE, RESTON, VA 20190": [38.950403, -77.335889], "4201 ELLIN ROAD, NEW CARROLLTON, MD 20784": [38.9473711, -76.8802839], "701 PENNSYLVANIA AVENUE NW, WASHINGTON, DC 20004": [38.8936824, -77.0219151], "630 H STREET NW, WASHINGTON, DC 20001": [38.8997296122449, -77.02058173469388], "625 9TH STREET NW, WASHINGTON, DC 20001": [38.89759086638062, -77.02385496080043], "2700 HAMILTON STREET, HYATTSVILLE, MD 20782": [38.9552277, -76.96952], "600 MARYLAND AVENUE SW, WASHINGTON, DC 20024": [38.8859248, -77.0211087], "7450 WISCONSIN AVENUE, BETHESDA, MD 20814": [38.984213, -77.094341], "399 SOUTH STONESTREET AVENUE, ROCKVILLE, MD 20850": [39.08444, -77.144946], "1850 NORTH MOORE STREET, ARLINGTON,VA 22209": [38.8959791, -77.0709087], "800 D STREET SW, WASHINGTON, DC 20024": [38.88475477435977, -77.0229884470585], "200 M STREET SE, WASHINGTON, DC 20003": [38.876563, -77.003367], "1701 8TH STREET NW, WASHINGTON, DC 20001": [38.9134707, -77.0219174], "1000 U STREET NW, WASHINGTON, DC 20009": [38.9167648, -77.0263015], "4704 OLD SOPER ROAD, SUITLAND, MD 20746": [38.8268521, -76.9120843], "5717 GREENBELT METRO DRIVE, GREENBELT, MD 20740": [39.0110565, -76.9112212], "4500 SILVER HILL ROAD, SUITLAND, MD 20746": [38.8444841, -76.9326657], "8810 ROCKVILLE PIKE, BETHESDA, MD 20814": [38.9988498, -77.0968366], "251 HUNGERFORD DRIVE, ROCKVILLE, MD 20850": [39.0841518, -77.1460645], "625 1ST STREET NE, WASHINGTON, DC 20002": [38.897094975609754, -77.00765980487805], "8401 COLESVILLE ROAD, SILVER SPRING, MD 20910": [38.994745300000005, -77.03105740551472], "327 CEDAR STREET NW, WASHINGTON, DC 20012": [38.97484959713704, -77.01778482004073], "701 1ST STREET NE, WASHINGTON, DC 20002": [38.8974844, -77.0071998], "11171 GEORGIA AVENUE, SILVER SPRING, MD 20902": [39.0131192, -77.0417617], "700 14TH STREET SE, WASHINGTON , DC  20003": [38.8812969, -76.9851996], "355 FIRST STREET SE, WASHINGTON, DC 20003": [38.8716329, -77.005766], "1250 SOUTH HAYES STREET, ARLINGTON, VA 22202": [38.8630421, -77.059427], "1750 SOUTH CLARK STREET, ARLINGTON, VA 22202": [38.858046249307186, -77.0516035157549], "700 NORTH WEST STREET, ALEXANDRIA, VA 22301": [38.814146, -77.0536699], "2001 NORTH SYCAMORE STREET, ARLINGTON, VA 22205": [38.8859763, -77.1568243], "8305 LEESBURG PIKE, VIENNA VA 22102": [38.9211119, -77.2340047], "1700 ANACOSTIA DRIVE SE, WASHINGTON, DC 20020": [38.8777394, -76.9719771], "625 7TH STREET NW, WASHINGTON, DC 20001": [38.89759886090131, -77.02180624992145], "820 VERMONT ST NW, WASHINGTON, DC 20005": [38.9165067, -77.0256692], "1200 F STREET NW, WASHINGTON, DC 20005": [38.897184, -77.0284223], "200 FLORIDA AVENUE NE, WASHINGTON, DC  20002": [38.9070253, -77.0031528], "919 RHODE ISLAND AVENUE NE, WASHINGTON, DC 20018": [38.9208202, -76.9959733], "1200 INDEPENDENCE AVENUE SW, WASHINGTON, DC 20004": [38.8875715, -77.0278309], "400 7TH STREET SW, WASHINGTON, DC 20024": [38.8842141, -77.0215121], "3575 EAST WEST HIGHWAY, HYATTSVILLE, MD 20782": [38.9653276, -76.9563393], "3000 PENNSY DRIVE, HYATTSVILLE, MD 20785": [38.933506550000004, -76.89125757906534], "1600 CHAPMAN AVENUE, ROCKVILLE, MD 20852": [39.06302435, -77.12211536557753], "435 4TH STREET NW, WASHINGTON, DC 20001": [38.895265814077305, -77.0160727336851], "1201 JEFFERSON DRIVE SW, WASHINGTON, DC 20004": [38.888731, -77.028106], "3516 CONNECTICUT AVENUE NW, WASHINGTON, DC 20008": [38.9361146, -77.05912605000695], "5337 WISCONSIN AVENUE NW, WASHINGTON, DC 20015": [38.9602007, -77.0851569],